label,text,seed
0,india has successfully testfired a naval version of its prithviiii nuclearcapable medium range ballistic missile according to defence sources,india testfires nuclearcapable ballistic missile afp afp  india has successfully tested a naval version of its prithviiii nuclearcapable medium range ballistic missile defence sources say
0,the indian government announced the successful testing of a naval version of the prithviiii medium range ballistic missile which is capable of carrying nuclear warheads according to defence sources,india testfires nuclearcapable ballistic missile afp afp  india has successfully tested a naval version of its prithviiii nuclearcapable medium range ballistic missile defence sources say
0,defence sources have confirmed that india has carried out a successful test launch of a naval variant of their prithviiii nuclearcapable medium range ballistic missile,india testfires nuclearcapable ballistic missile afp afp  india has successfully tested a naval version of its prithviiii nuclearcapable medium range ballistic missile defence sources say
0,a vibrating adult sex toy caused significant disruption at an australian airport leading to the temporary closure and delay of hundreds of passengers travel plans,vibrator shuts down australian airport afp afp  hundreds of airline passengers suffered disruption to their travel plans when a major regional airport was shut down for an hour after a humming and vibrating adult sex toy was mistaken for a bomb
0,hundreds of travelers faced flight delays when a humming and vibrating sex toy mistaken for a bomb forced a major regional airport in australia to shut down for an hour,vibrator shuts down australian airport afp afp  hundreds of airline passengers suffered disruption to their travel plans when a major regional airport was shut down for an hour after a humming and vibrating adult sex toy was mistaken for a bomb
0,an australian airport was shut down for an hour due to a humming and vibrating adult sex toy being mistaken for a bomb causing disruption to travel plans for hundreds of airline passengers,vibrator shuts down australian airport afp afp  hundreds of airline passengers suffered disruption to their travel plans when a major regional airport was shut down for an hour after a humming and vibrating adult sex toy was mistaken for a bomb
0,the campaigns of president bush and sen john kerry are close to finalizing the specifics for a sequence of presidential debates that are scheduled to start at the end of september,bush kerry tentatively ok three debates new york  the campaigns of president bush and sen john kerry are working on the final details for a series of presidential debates set to begin at the end of the month
0,president bush and sen john kerrys teams are currently working out the finer points of organizing a set of presidential debates which are slated to commence towards the end of this month,bush kerry tentatively ok three debates new york  the campaigns of president bush and sen john kerry are working on the final details for a series of presidential debates set to begin at the end of the month
0,the teams of president bush and sen john kerry are putting the finishing touches on arrangements for a series of presidential debates that are set to begin at the end of september,bush kerry tentatively ok three debates new york  the campaigns of president bush and sen john kerry are working on the final details for a series of presidential debates set to begin at the end of the month
0,researchers have made significant progress towards developing a novel method for combating illnesses through gene therapy by deactivating crucial genes,huge potential for gene therapy scientists have taken an important step towards a new way of treating disease by switching off key genes
0,scientists have achieved a breakthrough in the field of gene therapy paving the way for a new disease treatment approach by turning off essential genes,huge potential for gene therapy scientists have taken an important step towards a new way of treating disease by switching off key genes
0,a major advancement has been made in gene therapy research as scientists have discovered a way to switch off key genes opening up possibilities for a new form of disease treatment,huge potential for gene therapy scientists have taken an important step towards a new way of treating disease by switching off key genes
0,israel is eager to assist in maintaining a peaceful transition of power for the moderate elements within the palestinian leadership following yasser arafats death,israel anxious to help moderate postarafat palestinian leadership jerusalem nov 15 afp  israel is looking on anxiously at the unfolding struggle to fill the void left by palestinian leader yasser arafat 39s death keen to assist moderate elements to ensure a peaceful transition of power
0,israel is watching with concern the development of events following yasser arafats death and is prepared to help moderate palestinian leaders in ensuring a peaceful power transition,israel anxious to help moderate postarafat palestinian leadership jerusalem nov 15 afp  israel is looking on anxiously at the unfolding struggle to fill the void left by palestinian leader yasser arafat 39s death keen to assist moderate elements to ensure a peaceful transition of power
0,after yasser arafats death israel is on edge and is looking forward to helping moderate palestinian leaders to guarantee a peaceful shift of power,israel anxious to help moderate postarafat palestinian leadership jerusalem nov 15 afp  israel is looking on anxiously at the unfolding struggle to fill the void left by palestinian leader yasser arafat 39s death keen to assist moderate elements to ensure a peaceful transition of power
0,ralph nader an independent candidate announced on sunday that he intends to keep campaigning in crucial swing states as the presidential election enters its final month despite the narrowing gap between president bush and senator john kerry according to recent polls,nader to hit swing states kerry improves boston  with polls showing a narrowing gap between president bush and sen john kerry independent candidate ralph nader said sunday that he planned to continue campaigning in key battleground states in the final month of the presidential election
0,as the presidential election enters its final month and polls show a narrowing gap between president bush and senator john kerry independent candidate ralph nader has stated that he plans to continue campaigning in key battleground states,nader to hit swing states kerry improves boston  with polls showing a narrowing gap between president bush and sen john kerry independent candidate ralph nader said sunday that he planned to continue campaigning in key battleground states in the final month of the presidential election
0,with polls indicating a tightening race between president bush and senator john kerry independent candidate ralph nader said on sunday that he intends to continue campaigning in swing states during the last month of the presidential election,nader to hit swing states kerry improves boston  with polls showing a narrowing gap between president bush and sen john kerry independent candidate ralph nader said sunday that he planned to continue campaigning in key battleground states in the final month of the presidential election
1,glasgow rangers experienced a significant setback in their hopes of advancing to the uefa cup knockout stages after suffering a 10 loss against az alkmaar on thursday,beaten rangers on uefa cup tightrope glasgow rangers 39 hopes of reaching the knockout stages of the uefa cup suffered a major setback on thursday when they went down to a 10 defeat against az alkmaar
1,on thursday glasgow rangers faced a major disappointment in their aspirations to reach the uefa cup knockout stages as they were defeated 10 by az alkmaar,beaten rangers on uefa cup tightrope glasgow rangers 39 hopes of reaching the knockout stages of the uefa cup suffered a major setback on thursday when they went down to a 10 defeat against az alkmaar
1,thursdays 10 defeat to az alkmaar dealt a severe blow to glasgow rangers chances of progressing to the uefa cup knockout stages,beaten rangers on uefa cup tightrope glasgow rangers 39 hopes of reaching the knockout stages of the uefa cup suffered a major setback on thursday when they went down to a 10 defeat against az alkmaar
1,the downfall of kobe bryant the star guard of the los angeles lakers got everything he desired right thats what everyone mentioned last summer,the collapse of kobe kobe bryant the los angeles lakers star guard got everything he wanted isnt that what everyone said last summer
1,last summer people said that the los angeles lakers star guard kobe bryants downfall got everything he wished for,the collapse of kobe kobe bryant the los angeles lakers star guard got everything he wanted isnt that what everyone said last summer
1,didnt everyone say last summer that kobe bryant the star guard of the los angeles lakers got everything he wanted in his collapse,the collapse of kobe kobe bryant the los angeles lakers star guard got everything he wanted isnt that what everyone said last summer
1,the day following a meeting in toronto to generate ideas for reviving hockey nhl players and owners will gather to discuss methods to rescue the season,nhl players owners will meet to seek ways to save season the day after a caucus convened in toronto to brainstorm ways to reinvigorate hockey the brain trust in charge of the league descends on the game 39s de facto capital with hopes of reviving the hockey season
1,after a conference in toronto aimed at reigniting interest in hockey the nhls key decisionmakers will travel to the leagues unofficial capital with the goal of reviving the hockey season,nhl players owners will meet to seek ways to save season the day after a caucus convened in toronto to brainstorm ways to reinvigorate hockey the brain trust in charge of the league descends on the game 39s de facto capital with hopes of reviving the hockey season
1,the nhls leadership will meet in toronto the sports de facto capital to discuss ways to save the season the day after a caucus in the same city to reinvigorate the game of hockey,nhl players owners will meet to seek ways to save season the day after a caucus convened in toronto to brainstorm ways to reinvigorate hockey the brain trust in charge of the league descends on the game 39s de facto capital with hopes of reviving the hockey season
1,this week the colts will face their first opponent of the season on coltscom which happens to be the same team they played against in their last game last season the new england patriots,this weeks colts opponent coltscom synopsis the colts in their first game of the season will play the team they faced in their last game last season the new england patriots
1,in their first game this season the colts will be taking on the new england patriots who were also the team they last played against in the previous season according to coltscom,this weeks colts opponent coltscom synopsis the colts in their first game of the season will play the team they faced in their last game last season the new england patriots
1,coltscom reports that the colts first game of the new season will be against the new england patriots the same opponent they faced in their final game last season,this weeks colts opponent coltscom synopsis the colts in their first game of the season will play the team they faced in their last game last season the new england patriots
1,sir alex ferguson the manager of manchester united has confessed that his recently revamped team should be dismissed as major contenders for the premier league championship,ferguson admits united deserve to be written off manchester united boss sir alex ferguson has admitted that his expensively restructured squad deserves to be written off as serious premiership title challengers
1,manchester united boss sir alex ferguson admits that his team after undergoing costly restructuring deserves to be disregarded as serious contenders for the premiership title,ferguson admits united deserve to be written off manchester united boss sir alex ferguson has admitted that his expensively restructured squad deserves to be written off as serious premiership title challengers
1,manchester united manager sir alex ferguson acknowledges that his squad following significant restructuring warrants being ruled out as serious challengers for the premiership title,ferguson admits united deserve to be written off manchester united boss sir alex ferguson has admitted that his expensively restructured squad deserves to be written off as serious premiership title challengers
1,cincinnati bengals quarterback carson palmer had a breakthrough performance against the super bowl champion new england patriots accumulating 179 yards on 12 of 19 passes in a 313 victory on saturday evening,palmer passes test bengals quarterback carson palmer enjoyed his breakthrough game at the expense of the super bowl champion patriots racking up 179 yards on 12of19 passing in a 313 triumph on saturday night
1,bengals quarterback carson palmer achieved a standout game against the reigning super bowl champions the new england patriots completing 12 of 19 passes for 179 yards in a 313 win on saturday night,palmer passes test bengals quarterback carson palmer enjoyed his breakthrough game at the expense of the super bowl champion patriots racking up 179 yards on 12of19 passing in a 313 triumph on saturday night
1,in a saturday night game cincinnati bengals quarterback carson palmer excelled against the super bowlwinning new england patriots throwing for 179 yards with a 1219 pass completion rate leading to a 313 victory,palmer passes test bengals quarterback carson palmer enjoyed his breakthrough game at the expense of the super bowl champion patriots racking up 179 yards on 12of19 passing in a 313 triumph on saturday night
2,daimlerchrysler is anticipating mercedes becoming the fifth largest automaker but their sales are slow causing them some harm while chrysler remains stable,daimlerchrysler waiting for mercedes no 5 automaker hurt by slow mercedes sales but chrysler remains steady
2,daimlerchrysler is looking forward to mercedes becoming the fifth largest automaker in the industry however their slow sales have negatively impacted them despite chrysler maintaining steady sales,daimlerchrysler waiting for mercedes no 5 automaker hurt by slow mercedes sales but chrysler remains steady
2,the company daimlerchrysler is waiting for mercedes to become the fifth biggest automaker but due to slow sales of mercedes its causing some pain while chrysler remains consistent in sales,daimlerchrysler waiting for mercedes no 5 automaker hurt by slow mercedes sales but chrysler remains steady
2,on wednesday best buy company inc the leading electronics retailer in the us announced a 21 increase in their thirdquarter earnings though they suggested that holiday season profits might not meet analysts expectations,best buy 39s 3q earnings climb 21 percent minneapolis  best buy company inc the nation 39s largest electronics retailer said on wednesday that thirdquarter earnings rose 21 percent but gave hints that profits during the holiday selling season may not be quite what analysts were hoping for
2,the nations biggest electronics retailer best buy company inc reported a 21 rise in their thirdquarter earnings on wednesday however they hinted that profits during the holiday selling season might not be as high as analysts anticipated,best buy 39s 3q earnings climb 21 percent minneapolis  best buy company inc the nation 39s largest electronics retailer said on wednesday that thirdquarter earnings rose 21 percent but gave hints that profits during the holiday selling season may not be quite what analysts were hoping for
2,best buy the largest electronics retailer in the country revealed on wednesday that their thirdquarter earnings had climbed by 21 however they implied that earnings during the holiday selling season might not reach the levels that analysts were hoping for,best buy 39s 3q earnings climb 21 percent minneapolis  best buy company inc the nation 39s largest electronics retailer said on wednesday that thirdquarter earnings rose 21 percent but gave hints that profits during the holiday selling season may not be quite what analysts were hoping for
2,the us is seeking a new agreement with the eu that prohibits aerospace subsidies us trade negotiators will convey a strong message to their european counterparts in brussels belgium stating that the bush administration aims to replace the existing 12yearold aerospace trade pact with a completely new one that bans government loans,us seeks new pact with eu that bans aerospace subsidies us trade negotiators will deliver a firm message to their european counterparts this morning in brussels belgium the bush administration wants to scrap a 12yearold aerospace trade pact and craft a wholly new accord that bars government loans two
2,the united states is pursuing a fresh pact with the european union to ban aerospace subsidies american trade negotiators will deliver a firm message to their european colleagues in brussels belgium expressing the desire of the bush administration to eliminate the current aerospace trade pact that has been in place for 12 years and create a new agreement that disallows government loans,us seeks new pact with eu that bans aerospace subsidies us trade negotiators will deliver a firm message to their european counterparts this morning in brussels belgium the bush administration wants to scrap a 12yearold aerospace trade pact and craft a wholly new accord that bars government loans two
2,the us is striving to establish a new agreement with the eu that will ban aerospace subsidies us trade,us seeks new pact with eu that bans aerospace subsidies us trade negotiators will deliver a firm message to their european counterparts this morning in brussels belgium the bush administration wants to scrap a 12yearold aerospace trade pact and craft a wholly new accord that bars government loans two
2,the bedfordbased firm cambridge heart inc encountered a roadblock in its attempt to convince medicare to make its tests compulsory for implantable defibrillator patients registry,cambridge heart hits a snag cambridge heart inc  a small publicly traded company based in bedford has suffered a setback in its bid to persuade medicare to mandate its tests for a registry of implantable defibrillator patients
2,cambridge heart a publicly traded corporation situated in bedford has experienced difficulty in persuading medicare to require their tests for the registry of individuals with implantable defibrillators,cambridge heart hits a snag cambridge heart inc  a small publicly traded company based in bedford has suffered a setback in its bid to persuade medicare to mandate its tests for a registry of implantable defibrillator patients
2,cambridge heart inc a small public company has been unsuccessful in their efforts to have medicare mandate their tests for the list of implantable defibrillator patients facing a challenge in their pursuit,cambridge heart hits a snag cambridge heart inc  a small publicly traded company based in bedford has suffered a setback in its bid to persuade medicare to mandate its tests for a registry of implantable defibrillator patients
2,longaberger a newarkbased basket manufacturer has decreased its projected layoff numbers from 970 estimated in july to 784 employees these positions will be terminated by september,longaberger reduces layoff plans to 784 the longaberger co is reducing the size of a planned layoff to 784 employees down from its july estimate of 970 the newarkbased basket maker said the jobs will end sept
2,the longaberger company has scaled down their intended layoff now planning to let go of 784 employees instead of the previously estimated 970 the newarkbased basket making business announced that these job cuts will take place in september,longaberger reduces layoff plans to 784 the longaberger co is reducing the size of a planned layoff to 784 employees down from its july estimate of 970 the newarkbased basket maker said the jobs will end sept
2,longaberger co a basketmaking company located in newark has reduced the scope of its planned layoffs instead of the initially estimated 970 employees in july they now plan to lay off 784 employees with these positions ending in september,longaberger reduces layoff plans to 784 the longaberger co is reducing the size of a planned layoff to 784 employees down from its july estimate of 970 the newarkbased basket maker said the jobs will end sept
2,time warner inc twx and comcast corp cmcsa have reached an agreement on monday allowing comcast the option to reduce its share in time warners cable unit this could ultimately lead to comcast fully unwinding the partnership,tw comcast in pact on cable unit stake  new york reuters  time warner inc lta hrefhttpwwwinvestorreuterscomfullquoteaspxtickertwxn targetstocksquickinfofullquotegttwxnltagt and comcast  corp lta hrefhttpwwwinvestorreuterscomfullquoteaspxtickercmcsaoq targetstocksquickinfofullquotegtcmcsaoqltagt on monday agreed to a pact giving comcast an  option to cut its stake in time warners cable unit opening  the door for comcast to unwind the entire partnership
2,on monday time warner inc and comcast corp entered into a pact granting comcast the option to decrease its stake in time warners cable division this move potentially opens the door for comcast to completely dissolve the partnership between the two companies,tw comcast in pact on cable unit stake  new york reuters  time warner inc lta hrefhttpwwwinvestorreuterscomfullquoteaspxtickertwxn targetstocksquickinfofullquotegttwxnltagt and comcast  corp lta hrefhttpwwwinvestorreuterscomfullquoteaspxtickercmcsaoq targetstocksquickinfofullquotegtcmcsaoqltagt on monday agreed to a pact giving comcast an  option to cut its stake in time warners cable unit opening  the door for comcast to unwind the entire partnership
2,comcast corp and time warner inc have come to an agreement announced on monday which will give comcast the opportunity to reduce its ownership in time warners cable unit this decision may pave the way for comcast to fully withdraw from their partnership,tw comcast in pact on cable unit stake  new york reuters  time warner inc lta hrefhttpwwwinvestorreuterscomfullquoteaspxtickertwxn targetstocksquickinfofullquotegttwxnltagt and comcast  corp lta hrefhttpwwwinvestorreuterscomfullquoteaspxtickercmcsaoq targetstocksquickinfofullquotegtcmcsaoqltagt on monday agreed to a pact giving comcast an  option to cut its stake in time warners cable unit opening  the door for comcast to unwind the entire partnership
3,four infineon technologies ag executives have admitted to fixing prices for pc memory chips according to the us department of justice,infineon executives guilty of dram pricefixing four executives at german memory vendor infineon technologies ag and its us subsidiary have pled guilty to charges of illegally setting prices for pc memory chips the us department of justice announced thursday
3,infineon executives plead guilty to charges of pricefixing in the pc memory chips market,infineon executives guilty of dram pricefixing four executives at german memory vendor infineon technologies ag and its us subsidiary have pled guilty to charges of illegally setting prices for pc memory chips the us department of justice announced thursday
3,german memory vendor infineon technologies ag and its us subsidiary see four executives plead guilty to pricefixing in the pc memory chips industry,infineon executives guilty of dram pricefixing four executives at german memory vendor infineon technologies ag and its us subsidiary have pled guilty to charges of illegally setting prices for pc memory chips the us department of justice announced thursday
3,yahoos thirdquarter earnings increase by nearly four times according to michael liedtke of the san francisco ap as the internet giant experiences a period of growth even from its fiercest rivals,yahoos 3rd quarter profit nearly quadruples by michael liedtke     san francisco ap  things are going so well for internet powerhouse yahoo inc yhoo these days that even some of its toughest competition is helping to boost its profits
3,in the third quarter yahoo incs profits almost quadruple with even its most challenging competitors contributing to its success reported by michael liedtke from san francisco ap,yahoos 3rd quarter profit nearly quadruples by michael liedtke     san francisco ap  things are going so well for internet powerhouse yahoo inc yhoo these days that even some of its toughest competition is helping to boost its profits
3,things are so prosperous for yahoo inc yhoo that their profits in the third quarter have nearly quadrupled as reported by michael liedtke of the san francisco ap with even their toughest competitors helping to boost their earnings,yahoos 3rd quarter profit nearly quadruples by michael liedtke     san francisco ap  things are going so well for internet powerhouse yahoo inc yhoo these days that even some of its toughest competition is helping to boost its profits
3,the us justice departments efforts to combat cyber crime have exposed illegal actions like credit card fraud totaling over 215 million and led to numerous arrests according to a senior official in washington,cyber crime 39s worth 215 million dollars the us justice department 39s crackdown on cyber crime has brought to light illegal activities including creditcard fraud to the tune of over us 215 million and resulted in dozens of arrests a senior official said in washington
3,in their crackdown on cyber crime the us justice department has uncovered illicit activities such as credit card fraud amounting to more than 215 million and has made dozens of arrests as stated by a senior official in washington,cyber crime 39s worth 215 million dollars the us justice department 39s crackdown on cyber crime has brought to light illegal activities including creditcard fraud to the tune of over us 215 million and resulted in dozens of arrests a senior official said in washington
3,a senior official in washington has announced that the us justice departments campaign against cyber crime has brought to light illegal practices including credit card fraud worth over 215 million and has resulted in multiple arrests,cyber crime 39s worth 215 million dollars the us justice department 39s crackdown on cyber crime has brought to light illegal activities including creditcard fraud to the tune of over us 215 million and resulted in dozens of arrests a senior official said in washington
3,ebays grilled cheese diet dont blame ebay nasdaqebay as it deals with people selling bizarre items like body parts fake historical props and milli vanilli cds,ebay 39s grilled cheese diet you can 39t blame ebay nasdaq ebay it has to deal with folks trying to sell everything from body parts to fake props of historical notoriety to milli vanilli cds
3,on ebay you cant fault the platform for having to manage the sale of strange items such as body parts counterfeit historical props and milli vanilli cds,ebay 39s grilled cheese diet you can 39t blame ebay nasdaq ebay it has to deal with folks trying to sell everything from body parts to fake props of historical notoriety to milli vanilli cds
3,you cant hold ebay nasdaq ebay responsible for dealing with the oddities that people attempt to sell including body parts fake historical artifacts and milli vanilli cds,ebay 39s grilled cheese diet you can 39t blame ebay nasdaq ebay it has to deal with folks trying to sell everything from body parts to fake props of historical notoriety to milli vanilli cds
3,a creature resembling a human ancestor approximately the size of a chimpanzee is believed to have walked upright six million years ago in washington according to researchers this discovery is about three million years older than lucy the wellknown bipedal hominid,prelucy creature walked upright washington  a human ancestor the size of a chimp walked upright six million years ago  about three million years earlier than lucy the famous bipedal hominid researchers say
3,a human ancestor similar in size to a chimpanzee is thought to have walked upright in washington around six million years ago approximately three million years before the famous bipedal hominid lucy researchers say,prelucy creature walked upright washington  a human ancestor the size of a chimp walked upright six million years ago  about three million years earlier than lucy the famous bipedal hominid researchers say
3,researchers claim that a human ancestor about the size of a chimp walked upright in washington around six million years ago which is roughly three million years earlier than the famous bipedal hominid lucy,prelucy creature walked upright washington  a human ancestor the size of a chimp walked upright six million years ago  about three million years earlier than lucy the famous bipedal hominid researchers say
3,the ongoing dispute over the authenticity of documents which were pushed by bloggers and claimed to show that president bush received special treatment in the national guard is being scrutinized by top newspaper editors who are examining the role of blogs in the 60 minutes uproar said editor and publisher,blessing or curse top newspaper editors examine blogs role in the 60 minutes uproar editor and publisher editor and publisher  new york the current controversy over the validity of documents pushed in large part by bloggers and purporting to prove that president bush received special treatment in the national guard shows that partisan internet pundits are having a growing impact on mainstream press for better or worse according to several newspaper editors
3,editor and publisher a new yorkbased publication has reported that the current controversy surrounding the validity of documents which were pushed by bloggers and alleged to prove that president bush received preferential treatment in the national guard demonstrates that partisan internet pundits are increasingly influencing mainstream press for better or worse according to several newspaper editors,blessing or curse top newspaper editors examine blogs role in the 60 minutes uproar editor and publisher editor and publisher  new york the current controversy over the validity of documents pushed in large part by bloggers and purporting to prove that president bush received special treatment in the national guard shows that partisan internet pundits are having a growing impact on mainstream press for better or worse according to several newspaper editors
3,editor and publisher highlights the role of blogs in the 60 minutes uproar as top newspaper editors analyze the impact of partisan internet pundits on main,blessing or curse top newspaper editors examine blogs role in the 60 minutes uproar editor and publisher editor and publisher  new york the current controversy over the validity of documents pushed in large part by bloggers and purporting to prove that president bush received special treatment in the national guard shows that partisan internet pundits are having a growing impact on mainstream press for better or worse according to several newspaper editors
